{
  "project_info": {
    "project_number": "949618045028",
    "project_id": "gotosleep-d203d",
    "storage_bucket": "gotosleep-d203d.appspot.com"
  },
  "client": [
    {
      "client_info": {
        "mobilesdk_app_id": "1:949618045028:android:839380400cf1358cd76f71",
        "android_client_info": {
          "package_name": "com.mobdeve.s13.s11.group29.mp"
        }
      },
      "oauth_client": [
        {
          "client_id": "949618045028-eistf74vu25m5t2g2h38aq49dgvolrhc.apps.googleusercontent.com",
          "client_type": 3
        }
      ],
      "api_key": [
        {
          "current_key": "AIzaSyBxi6ftBmU2yYPswuQLIBVlSP5uZrXeiPY"
        }
      ],
      "services": {
        "appinvite_service": {
          "other_platform_oauth_client": [
            {
              "client_id": "949618045028-eistf74vu25m5t2g2h38aq49dgvolrhc.apps.googleusercontent.com",
              "client_type": 3
            }
          ]
        }
      }
    }
  ],
  "configuration_version": "1"
}